CustomerID, CustomerName, Gender, Age, Country
1, John Smith, Male, 35, United States
2, Emily Johnson, Female, 28, United States
3, Michael Davis, Male, 42, Canada
4, Sarah Anderson, Female, 31, United Kingdom
5, David Taylor, Male, 39, Australia
6, Jessica Brown, Female, 24, United States
7, James Wilson, Male, 37, Canada
8, Olivia Moore, Female, 29, United Kingdom
9, Daniel Thompson, Male, 45, Australia
10, Sophia Clark, Female, 33, United States
11, Benjamin Lewis, Male, 26, Canada
12, Ava Walker, Female, 30, United Kingdom
13, Matthew Hall, Male, 38, Australia
14, Emma Turner, Female, 27, United States
15, Ethan Adams, Male, 41, Canada
16, Mia Allen, Female, 25, United Kingdom
17, Alexander Young, Male, 34, Australia
18, Amelia Harris, Female, 36, United States
19, William King, Male, 32, Canada
20, Abigail Nelson, Female, 40, United Kingdom
21, Jameson White, Male, 29, Australia
22, Charlotte Hill, Female, 35, United States
23, Logan Roberts, Male, 43, Canada
24, Harper Green, Female, 30, United Kingdom
25, Benjamin Lee, Male, 38, Australia
26, Elizabeth Baker, Female, 27, United States
27, Samuel Wood, Male, 39, Canada
28, Madison Hughes, Female, 31, United Kingdom
29, Alexander Price, Male, 45, Australia
30, Scarlett Morris, Female, 33, United States
31, Henry Scott, Male, 26, Canada
32, Grace Ward, Female, 34, United Kingdom
33, Carter Foster, Male, 28, Australia
34, Victoria Simmons, Female, 42, United States
35, Andrew Powell, Male, 35, Canada
36, Stella Griffin, Female, 24, United Kingdom
37, Joseph Ross, Male, 37, Australia
38, Penelope Butler, Female, 29, United States
39, Gabriel Ramirez, Male, 45, Canada
40, Layla Barnes, Female, 31, United Kingdom
41, Christopher Perez, Male, 39, Australia
42, Lily Coleman, Female, 26, United States
43, Matthew Gray, Male, 33, Canada
44, Ava Wright, Female, 40, United Kingdom
45, David Martinez, Male, 29, Australia
46, Zoe Morgan, Female, 35, United States
47, Jonathan Turner, Male, 43, Canada
48, Savannah Stewart, Female, 30, United Kingdom
49, Samuel Adams, Male, 38, Australia
50, Hailey Hill, Female, 27, United States
