Product ID,Product Name,Category,Brand,Price,Rating,In Stock
1,Laptop,Computers,Apple,1500,4.5,Yes
2,Smartphone,Mobile Phones,Samsung,1000,4.8,Yes
3,Bluetooth Speaker,Audio,JBL,200,4.2,Yes
4,Smart TV,Televisions,Sony,1200,4.6,Yes
5,Headphones,Audio,Sennheiser,300,4.4,Yes
6,Fitness Tracker,Wearables,Fitbit,100,4.3,Yes
7,Tablet,Computers,Microsoft,800,4.2,Yes
8,Digital Camera,Photography,Canon,600,4.7,Yes
9,Gaming Console,Gaming,Sony,400,4.6,Yes
10,Wireless Earbuds,Audio,Apple,250,4.5,Yes
11,Air Purifier,Home Appliances,Dyson,500,4.8,Yes
12,Smartwatch,Wearables,Apple,400,4.6,Yes
13,Wireless Router,Networking,TP-Link,80,4.3,Yes
14,Printers,Office Equipment,Epson,200,4.2,Yes
15,External Hard Drive,Storage,Seagate,150,4.5,Yes
16,Smart Home Hub,Home Automation,Google,100,4.6,Yes
17,Portable Charger,Accessories,Anker,50,4.4,Yes
18,Smart Thermostat,Home Automation,Nest,250,4.7,Yes
19,Wireless Security Camera,Home Security,Arlo,300,4.5,Yes
20,Gaming Mouse,Accessories,Logitech,80,4.3,Yes
21,VR Headset,Gaming,Oculus,400,4.6,Yes
22,Wireless Keyboard,Accessories,Microsoft,80,4.2,Yes
23,Smart Doorbell,Home Security,Ring,200,4.8,Yes
24,Home Theater System,Audio,Sony,300,4.5,Yes
25,Wireless Headphones,Audio,Beats,200,4.7,Yes
26,Smart Speaker,Audio,Amazon,100,4.6,Yes
27,Electric Toothbrush,Personal Care,Oral-B,80,4.3,Yes
28,Monitor,Computers,Dell,300,4.5,Yes
29,Action Camera,Photography,GoPro,250,4.4,Yes
30,Portable Bluetooth Speaker,Audio,Bose,150,4.6,Yes
31,Drones,Gadgets,DJI,1000,4.7,Yes
32,Gaming Keyboard,Accessories,Razer,150,4.5,Yes
33,Home Projector,Home Theater,Optoma,500,4.4,Yes
34,Car Dash Cam,Car Accessories,Garmin,200,4.2,Yes
35,Wireless Earphones,Audio,Sony,150,4.6,Yes
36,Smart Lock,Home Security,Yale,300,4.5,Yes
37,E-book Reader,Electronics,Kindle,100,4.7,Yes
38,Robotic Vacuum Cleaner,Home Appliances,iRobot,400,4.5,Yes
39,Wireless Gaming Headset,Gaming,SteelSeries,250,4.3,Yes
40,Portable SSD,Storage,Samsung,200,4.6,Yes
41,Fitness Smartwatch,Wearables,Garmin,300,4.5,Yes
42,Bluetooth Earbuds,Audio,Jabra,150,4.7,Yes
43,Digital Photo Frame,Home Decor,Nixplay,100,4.5,Yes
44,Smart Scale,Healthcare,Withings,80,4.3,Yes
45,Gaming Monitor,Computers,Acer,300,4.6,Yes
46,Wireless Mouse,Accessories,HP,50,4.5,Yes
47,Smart Coffee Maker,Kitchen Appliances,Nespresso,200,4.7,Yes
48,Wireless Gaming Controller,Gaming,Xbox,80,4.5,Yes
49,Laptop HP Pavilion 15,Laptops,HP,800,4.9,No
50,HP Elitebook 840 G5,Laptops,HP,500,5.0,Yes
